{
    "camera": {
        "index": 1,
        "is_calibrated": true,
        "settings": {
            "exposure": -4,
            "brightness": 30,
            "contrast": 50,
            "saturation": 50,
            "gain": 30
        }
    },
    "calibration": {
        "square_size": 100,
        "matrix": [
            [
                2.505518121123376,
                0.2609914709503515,
                -438.9354558443014
            ],
            [
                -0.06884465763919224,
                2.805419798797076,
                -182.00806363361394
            ],
            [
                -2.1033273461147535e-05,
                0.0004581830939417642,
                1.0
            ]
        ],
        "last_calibration": "2025-04-19T14:20:35.900273"
    }
}