{
    "camera": {
        "index": 1,
        "is_calibrated": true,
        "settings": {
            "exposure": -4,
            "brightness": 30,
            "contrast": 50,
            "saturation": 80,
            "gain": 30
        }
    },
    "calibration": {
        "square_size": 100,
        "matrix": [
            [
                2.392421671447402,
                0.17236467373540357,
                -372.2663277467752
            ],
            [
                -0.023733479068556343,
                2.6581496556783346,
                -129.29999396549616
            ],
            [
                -2.9703978809207375e-05,
                0.0004003285572292911,
                1.0
            ]
        ],
        "last_calibration": "2025-04-19T15:21:24.618454"
    }
}