{
  "camera": {
    "index": 1,
    "is_calibrated": true,
    "settings": {
      "exposure": -4,
      "brightness": 30,
      "contrast": 90,
      "saturation": 80,
      "gain": 20
    }
  },
  "calibration": {
    "square_size": 100,
    "matrix": [
      [
        2.4829661370096288,
        0.064585824373083,
        -544.7096665598726
      ],
      [
        0.03559215832240743,
        2.4914510825685126,
        -139.805997890416
      ],
      [
        0.0001433331862593006,
        0.00012166333555157226,
        1.0
      ]
    ],
    "last_calibration": "2025-04-19T17:43:09.309848"
  },
  "board": {
    "position": [
      55,
      63
    ],
    "size": [
      686,
      676
    ],
    "square_size": 84
  }
}