{
  "camera": {
    "index": 1,
    "is_calibrated": true,
    "settings": {
      "exposure": -4,
      "brightness": 30,
      "contrast": 90,
      "saturation": 80,
      "gain": 20
    }
  },
  "calibration": {
    "square_size": 100,
    "matrix": [
      [
        2.41851619228921,
        0.0342566032902156,
        -497.6799326002501
      ],
      [
        0.04066315728203852,
        2.392349086759932,
        -139.91514701461418
      ],
      [
        0.00011506079387858924,
        8.25455746706889e-05,
        1.0
      ]
    ],
    "last_calibration": "2025-04-19T19:14:22.117138"
  },
  "board": {
    "position": [
      60,
      59
    ],
    "size": [
      800,
      800
    ],
    "square_size": 100
  }
}